Cake,vvvvvvvvvvvv,
Pizza, pepperoni cheese,
Tacos, asasdasdsad,
Healthier Banana Banana Bread,"
This recipe was really yummy to start with but I was looking for something a little healthier so I replaced some butter with non-fat yogurt and I eliminated the salt. It is super moist and tastes great.",15 mins
Banana Banana Bread,"
This banana bread recipe creates the most delicious, moist loaf with loads of banana flavor. Why compromise the banana flavor? Friends and family love my recipe and say it's by far the best! It tastes wonderful toasted. Enjoy!",15 mins
Banana Chocolate Chip Bread,"
This chocolate chip banana bread is super moist and tastes amazing!",15 mins
Chemical Apple Pie (No-Apple Apple Pie),"
This is a recipe for apple pie made without apples. It has all the characteristics of an apple pie with apples. If you didn't know better, you'd think that there really was fruit in it. This is an old chemistry lab experiment to teach the limits of human senses.",10 mins
